<?xml version="1.0" encoding="utf-8"?>
<GraphicalInterface>
  <P Name="NumRootInports">0</P>
  <P Name="NumRootOutports">0</P>
  <P Name="ParameterArgumentNames"/>
  <P Name="NumModelReferences">0</P>
  <P Name="NumTestPointedSignals">0</P>
  <P Name="NumProvidedFunctions">0</P>
  <P Name="NumRequiredFunctions">0</P>
  <P Name="NumResetEvents">0</P>
  <P Name="HasInitializeEvent">0</P>
  <P Name="HasTerminateEvent">0</P>
  <P Name="IsExportFunctionModel">0</P>
  <P Name="NumParameterArguments">0</P>
  <P Name="NumExternalFileReferences">8</P>
  <ExternalFileReference>
    <P Name="Reference">powerlib/Elements/Series RLC Branch</P>
    <P Name="Path">$bdroot/Capacitance</P>
    <P Name="SID">13</P>
    <P Name="Type">LIBRARY_BLOCK</P>
  </ExternalFileReference>
  <ExternalFileReference>
    <P Name="Reference">powerlib/Power
Electronics/Diode</P>
    <P Name="Path">$bdroot/Diode</P>
    <P Name="SID">11</P>
    <P Name="Type">LIBRARY_BLOCK</P>
  </ExternalFileReference>
  <ExternalFileReference>
    <P Name="Reference">powerlib/Elements/Series RLC Branch</P>
    <P Name="Path">$bdroot/Inductance</P>
    <P Name="SID">12</P>
    <P Name="Type">LIBRARY_BLOCK</P>
  </ExternalFileReference>
  <ExternalFileReference>
    <P Name="Reference">electricdrivelib/Extra Sources/Battery</P>
    <P Name="Path">$bdroot/Li-Ion Battery</P>
    <P Name="SID">15</P>
    <P Name="Type">LIBRARY_BLOCK</P>
  </ExternalFileReference>
  <ExternalFileReference>
    <P Name="Reference">powerlib/Power
Electronics/Mosfet</P>
    <P Name="Path">$bdroot/Mosfet</P>
    <P Name="SID">7</P>
    <P Name="Type">LIBRARY_BLOCK</P>
  </ExternalFileReference>
  <ExternalFileReference>
    <P Name="Reference">re_lib/Solar/PV Array</P>
    <P Name="Path">$bdroot/PV Array</P>
    <P Name="SID">2</P>
    <P Name="Type">LIBRARY_BLOCK</P>
  </ExternalFileReference>
  <ExternalFileReference>
    <P Name="Reference">powerlib/Elements/Series RLC Branch</P>
    <P Name="Path">$bdroot/RC Branch</P>
    <P Name="SID">5</P>
    <P Name="Type">LIBRARY_BLOCK</P>
  </ExternalFileReference>
  <ExternalFileReference>
    <P Name="Reference">simulink/Sources/Repeating
Sequence</P>
    <P Name="Path">$bdroot/Repeating Sequence</P>
    <P Name="SID">28</P>
    <P Name="Type">LIBRARY_BLOCK</P>
  </ExternalFileReference>
  <P Name="OrderedModelArguments">1</P>
</GraphicalInterface>
